{"cameraMode":{"drawMode":0,"name":"Shaded","section":"Shading Mode"},"sceneLighting":true,"audioPlay":false,"sceneViewState":{"showFog":true,"showMaterialUpdate":false,"showSkybox":true,"showFlares":true,"showImageEffects":true,"showParticleSystems":true},"in2DMode":false,"pivot":{"x":-16.7567081451416,"y":0.19829723238945008,"z":-2.6722841262817385},"rotation":{"x":0.003497178666293621,"y":-0.6870983839035034,"z":0.0033083718735724689,"w":0.726548433303833},"size":45.988037109375,"orthographic":false}