{"cameraMode":{"drawMode":0,"name":"Shaded","section":"Shading Mode"},"sceneLighting":true,"audioPlay":false,"sceneViewState":{"showFog":true,"showMaterialUpdate":false,"showSkybox":true,"showFlares":true,"showImageEffects":true,"showParticleSystems":true},"in2DMode":false,"pivot":{"x":2.4190921783447267,"y":0.6991556882858276,"z":0.8782846927642822},"rotation":{"x":0.04664676636457443,"y":0.5108054280281067,"z":-0.02777070738375187,"w":0.8579806089401245},"size":9.623709678649903,"orthographic":false}